City_ID,City,Country,Date,Lat,Lng,Max Temp,Humidity,Cloudiness,Wind Speed
0,Kieta,PG,2021-12-21 20:37:00,-6.2167,155.6333,82.02,78,73,1.07
1,Yakuplu,TR,2021-12-21 20:37:00,40.9889,28.6758,37.0,64,40,6.91
2,Zhezkazgan,KZ,2021-12-21 20:37:01,47.8043,67.7144,30.96,91,100,17.74
3,Hambantota,LK,2021-12-21 20:37:01,6.1241,81.1185,75.24,87,55,10.58
4,Georgetown,MY,2021-12-21 20:37:01,5.4112,100.3354,77.9,94,20,3.0
5,Kuytun,RU,2021-12-21 20:37:01,54.3419,101.5036,-27.36,97,14,3.29
6,Aksarka,RU,2021-12-21 20:33:16,66.5606,67.7975,-21.46,100,93,2.26
7,Puerto Ayora,EC,2021-12-21 20:37:02,-0.7393,-90.3518,78.76,81,75,9.6
8,Sibolga,ID,2021-12-21 20:37:02,1.7427,98.7792,74.95,89,100,3.27
9,Ancud,CL,2021-12-21 20:37:03,-41.8697,-73.8203,74.23,65,2,5.73
10,Rovaniemi,FI,2021-12-21 20:37:03,66.5,25.7167,11.61,79,90,12.66
11,Mujiayingzi,CN,2021-12-21 20:37:03,42.1167,118.7833,16.99,66,61,2.06
12,Buchanan,LR,2021-12-21 20:37:04,5.8808,-10.0467,78.76,79,90,7.83
13,Hasaki,JP,2021-12-21 20:37:04,35.7333,140.8333,37.8,63,0,6.08
14,Saldanha,ZA,2021-12-21 20:37:04,-33.0117,17.9442,66.25,89,83,14.0
15,Pampa,US,2021-12-21 20:37:05,35.5362,-100.9599,66.56,16,1,13.8
16,Atuona,PF,2021-12-21 20:37:05,-9.8,-139.0333,78.37,75,100,17.0
17,Ushuaia,AR,2021-12-21 20:37:05,-54.8,-68.3,56.82,62,40,39.12
18,Victoria,HK,2021-12-21 20:34:18,22.2855,114.1577,64.33,83,82,5.01
19,East London,ZA,2021-12-21 20:36:59,-33.0153,27.9116,71.31,88,55,14.56
20,Acari,PE,2021-12-21 20:37:06,-15.4311,-74.6158,77.0,59,98,10.33
21,Porbandar,IN,2021-12-21 20:37:06,21.6422,69.6093,68.58,57,33,7.02
22,Requena,ES,2021-12-21 20:37:07,39.4883,-1.1004,47.98,84,61,3.36
23,Carnarvon,AU,2021-12-21 20:32:52,-24.8667,113.6333,69.87,88,8,19.57
24,Urucara,BR,2021-12-21 20:37:07,-2.5364,-57.76,82.27,87,93,2.51
25,Portland,US,2021-12-21 20:35:43,45.5234,-122.6762,45.73,85,75,1.01
26,Horizontina,BR,2021-12-21 20:33:06,-27.6258,-54.3078,93.92,31,21,9.98
27,Chuy,UY,2021-12-21 20:37:08,-33.6971,-53.4616,73.98,57,65,8.37
28,Jijiga,ET,2021-12-21 20:37:08,9.35,42.8,63.36,68,86,7.34
29,Cape Town,ZA,2021-12-21 20:37:08,-33.9258,18.4232,74.12,73,0,1.99
30,Acarau,BR,2021-12-21 20:37:09,-2.8856,-40.12,81.64,73,100,15.14
31,Gijon,ES,2021-12-21 20:37:09,43.5357,-5.6615,60.26,84,63,5.77
32,Luau,AO,2021-12-21 20:37:09,-10.7073,22.2247,67.08,96,100,2.84
33,Meulaboh,ID,2021-12-21 20:37:10,4.1363,96.1285,75.31,90,36,4.18
34,Saint-Philippe,RE,2021-12-21 20:37:10,-21.3585,55.7679,78.39,89,91,13.29
35,Albany,US,2021-12-21 20:37:10,42.6001,-73.9662,39.15,72,89,2.91
36,Hobart,AU,2021-12-21 20:37:11,-42.8794,147.3294,55.26,53,75,1.99
37,Saint-Joseph,RE,2021-12-21 20:37:11,-21.3667,55.6167,77.38,87,92,11.83
38,Vila Franca Do Campo,PT,2021-12-21 20:37:11,37.7167,-25.4333,67.19,91,100,22.1
39,Porto Novo,BJ,2021-12-21 20:37:11,6.4965,2.6036,84.02,53,20,5.64
40,Biltine,TD,2021-12-21 20:37:12,14.5333,20.9167,70.47,21,2,16.37
41,Indramayu,ID,2021-12-21 20:37:12,-6.3264,108.32,78.1,85,100,5.21
42,Rikitea,PF,2021-12-21 20:34:20,-23.1203,-134.9692,73.94,86,100,14.38
43,Busselton,AU,2021-12-21 20:37:12,-33.65,115.3333,59.04,89,0,9.93
44,Mataura,NZ,2021-12-21 20:37:13,-46.1927,168.8643,62.47,46,46,10.36
45,Barrow,US,2021-12-21 20:35:02,71.2906,-156.7887,-2.18,71,90,20.71
46,Nikolskoye,RU,2021-12-21 20:38:13,59.7035,30.7861,11.01,95,100,7.36
47,Braedstrup,DK,2021-12-21 20:38:14,55.9708,9.6085,33.64,95,99,4.27
48,Kaitangata,NZ,2021-12-21 20:38:14,-46.2817,169.8464,61.93,63,89,8.55
49,Avarua,CK,2021-12-21 20:38:14,-21.2078,-159.775,80.65,69,75,13.8
50,Ilulissat,GL,2021-12-21 20:38:15,69.2167,-51.1,42.82,31,40,32.21
51,New Norfolk,AU,2021-12-21 20:38:15,-42.7826,147.0587,54.91,36,91,9.06
52,Hilo,US,2021-12-21 20:38:15,19.7297,-155.09,74.28,49,90,0.0
53,Spiez,CH,2021-12-21 20:38:16,46.6847,7.6911,30.09,86,5,4.0
54,Bluff,NZ,2021-12-21 20:38:16,-46.6,168.3333,62.8,59,46,25.03
55,Qaqortoq,GL,2021-12-21 20:38:16,60.7167,-46.0333,46.9,73,100,9.98
56,Vao,NC,2021-12-21 20:38:17,-22.6667,167.4833,76.1,79,66,12.68
57,Airai,TL,2021-12-21 20:38:17,-8.9266,125.4092,60.49,91,100,0.81
58,Atasu,KZ,2021-12-21 20:34:12,48.6814,71.6433,22.39,87,67,13.18
59,Coihaique,CL,2021-12-21 20:38:17,-45.5752,-72.0662,78.75,29,0,8.05
60,Cururupu,BR,2021-12-21 20:38:18,-1.8283,-44.8683,80.31,77,98,6.11
61,Port-Gentil,GA,2021-12-21 20:38:18,-0.7193,8.7815,81.64,81,47,10.29
62,Vaini,TO,2021-12-21 20:38:18,-21.2,-175.2,84.36,74,75,9.22
63,Coquimbo,CL,2021-12-21 20:34:04,-29.9533,-71.3436,67.73,63,20,12.66
64,Laguna,US,2021-12-21 20:38:19,38.421,-121.4238,64.2,84,90,5.75
65,Karasjok,NO,2021-12-21 20:38:19,69.4719,25.5112,-3.89,100,100,2.48
66,Mar Del Plata,AR,2021-12-21 20:38:20,-38.0023,-57.5575,75.22,91,40,13.0
67,Punta Arenas,CL,2021-12-21 20:37:53,-53.15,-70.9167,62.71,51,40,36.82
68,Upernavik,GL,2021-12-21 20:38:20,72.7868,-56.1549,24.91,69,11,4.88
69,Ust-Maya,RU,2021-12-21 20:38:20,60.4167,134.5333,-44.07,100,95,0.72
70,Richards Bay,ZA,2021-12-21 20:38:21,-28.783,32.0377,69.26,92,100,12.17
71,Bambous Virieux,MU,2021-12-21 20:38:21,-20.3428,57.7575,79.05,78,75,13.8
72,Port Lincoln,AU,2021-12-21 20:36:11,-34.7333,135.8667,61.39,75,85,11.56
73,Kloulklubed,PW,2021-12-21 20:38:21,7.0419,134.2556,81.5,78,100,23.09
74,Manjacaze,MZ,2021-12-21 20:38:22,-24.7117,33.8828,69.31,80,36,6.78
75,Iqaluit,CA,2021-12-21 20:38:22,63.7506,-68.5145,-2.31,77,90,38.99
76,Lebu,CL,2021-12-21 20:38:22,-37.6167,-73.65,60.26,72,0,21.59
77,Kokopo,PG,2021-12-21 20:38:23,-4.352,152.2633,79.2,81,64,4.59
78,Annau,TM,2021-12-21 20:38:23,37.8876,58.516,56.7,33,0,2.3
79,Waipawa,NZ,2021-12-21 20:38:23,-41.4122,175.5153,65.44,60,0,11.36
80,San Cristobal,VE,2021-12-21 20:38:24,7.7669,-72.225,78.98,55,100,1.63
81,Auraiya,IN,2021-12-21 20:38:24,26.4667,79.5167,52.81,30,3,3.6
82,Peniche,PT,2021-12-21 20:38:24,39.3558,-9.3811,61.88,92,98,16.6
83,Moron,AR,2021-12-21 20:38:25,-34.6534,-58.6198,87.94,41,67,8.01
84,Abonnema,NG,2021-12-21 20:38:25,4.7084,6.7931,79.72,66,40,4.74
85,Razole,IN,2021-12-21 20:38:25,16.4833,81.8333,64.9,85,5,2.01
86,Khatanga,RU,2021-12-21 20:38:26,71.9667,102.5,-25.42,100,94,6.93
87,Jurmala,LV,2021-12-21 20:38:26,56.968,23.7704,12.22,92,90,3.44
88,Hermanus,ZA,2021-12-21 20:37:43,-34.4187,19.2345,73.9,86,38,9.4
89,Norman Wells,CA,2021-12-21 20:39:26,65.282,-126.8329,-3.96,77,75,2.3
90,Tateyama,JP,2021-12-21 20:39:27,34.9833,139.8667,42.82,61,0,9.46
91,Flinders,AU,2021-12-21 20:39:27,-34.5833,150.8552,71.2,88,94,4.85
92,Coxim,BR,2021-12-21 20:39:27,-18.5067,-54.76,83.48,78,99,1.05
93,Lompoc,US,2021-12-21 20:35:48,34.6391,-120.4579,66.02,70,1,8.05
94,Pine Castle,US,2021-12-21 20:39:28,28.472,-81.3679,73.45,80,75,1.01
95,Leningradskiy,RU,2021-12-21 20:39:28,69.3833,178.4167,-3.26,71,14,20.74
96,Nerchinskiy Zavod,RU,2021-12-21 20:39:28,51.3088,119.61,-31.61,98,42,1.36
97,Teknaf,BD,2021-12-21 20:39:29,20.8624,92.3058,60.85,82,8,3.85
98,Fortuna,US,2021-12-21 20:39:29,40.5982,-124.1573,52.14,89,20,8.99
99,Port Alfred,ZA,2021-12-21 20:39:29,-33.5906,26.891,69.64,93,40,14.9
100,Tasiilaq,GL,2021-12-21 20:39:30,65.6145,-37.6368,30.36,59,92,5.99
101,Mandurah,AU,2021-12-21 20:39:30,-32.55,115.7,67.21,72,1,10.27
102,Kamakwie,SL,2021-12-21 20:39:30,9.5,-12.2333,78.22,27,22,2.01
103,Swidwin,PL,2021-12-21 20:39:31,53.7746,15.7767,28.96,100,90,2.24
104,Morro Bay,US,2021-12-21 20:39:31,35.3658,-120.8499,64.58,57,98,1.01
105,Itaituba,BR,2021-12-21 20:34:59,-4.2761,-55.9836,87.96,74,40,9.22
106,Taoudenni,ML,2021-12-21 20:39:31,22.6783,-3.9836,72.79,27,100,10.89
107,Teguise,ES,2021-12-21 20:39:32,29.0605,-13.564,64.62,77,20,4.61
108,Ugoofaaru,MV,2021-12-21 20:39:32,5.6667,73.0,80.74,75,96,7.29
109,Port Hardy,CA,2021-12-21 20:39:32,50.6996,-127.4199,37.4,86,75,4.61
110,Kapaa,US,2021-12-21 20:39:33,22.0752,-159.319,75.18,76,90,7.0
111,Kenai,US,2021-12-21 20:39:33,60.5544,-151.2583,12.15,87,1,0.0
112,Hami,CN,2021-12-21 20:39:33,42.8,93.45,24.87,48,14,6.53
113,Dikson,RU,2021-12-21 20:39:34,73.5069,80.5464,-24.23,92,96,15.43
114,Skibbereen,IE,2021-12-21 20:39:34,51.55,-9.2667,48.0,84,100,17.96
115,Lensk,RU,2021-12-21 20:39:34,60.7253,114.9278,-28.12,99,100,3.53
116,Vostok,RU,2021-12-21 20:39:35,46.4856,135.8833,-13.63,99,100,3.11
117,Chinsali,ZM,2021-12-21 20:39:35,-10.5414,32.0816,67.17,82,67,3.76
118,Somerset,US,2021-12-21 20:39:35,40.5668,-74.5496,43.41,62,1,1.01
119,Mahebourg,MU,2021-12-21 20:39:35,-20.4081,57.7,79.09,78,75,13.8
120,Port Elizabeth,ZA,2021-12-21 20:39:36,-33.918,25.5701,67.1,100,75,8.05
121,Gat,IL,2021-12-21 20:39:36,31.61,34.7642,56.39,100,63,9.19
122,Barreirinha,BR,2021-12-21 20:39:36,-2.7933,-57.07,83.52,77,94,0.43
123,Bubaque,GW,2021-12-21 20:39:37,11.2833,-15.8333,82.2,62,96,11.01
124,Salalah,OM,2021-12-21 20:37:05,17.0151,54.0924,73.49,68,0,3.44
125,Ormara,PK,2021-12-21 20:39:37,25.2088,64.6357,73.22,79,4,11.68
126,Hithadhoo,MV,2021-12-21 20:39:37,-0.6,73.0833,80.13,77,85,1.83
127,Longyearbyen,SJ,2021-12-21 20:39:38,78.2186,15.6401,15.64,86,75,6.91
128,Mount Darwin,ZW,2021-12-21 20:39:38,-16.7725,31.5838,71.69,73,88,6.58
129,Alihe,CN,2021-12-21 20:39:38,50.5667,123.7167,-16.6,96,5,2.64
130,Uyuni,BO,2021-12-21 20:39:39,-20.4597,-66.825,55.85,56,81,3.74
131,Grindavik,IS,2021-12-21 20:39:39,63.8424,-22.4338,39.67,87,75,6.91
132,Belmonte,BR,2021-12-21 20:39:39,-15.8631,-38.8828,77.5,82,97,7.61
133,Chokurdakh,RU,2021-12-21 20:39:40,70.6333,147.9167,-9.2,97,100,9.28
134,Morondava,MG,2021-12-21 20:39:40,-20.2833,44.2833,79.47,72,55,5.99
135,Saint George,US,2021-12-21 20:36:20,37.1041,-113.5841,58.35,52,1,0.0
136,Cabo San Lucas,MX,2021-12-21 20:36:23,22.8909,-109.9124,82.62,52,1,3.0
137,Tiksi,RU,2021-12-21 20:40:40,71.6872,128.8694,-18.13,97,99,8.61
138,Kuah,MY,2021-12-21 20:40:41,6.3265,99.8432,76.98,88,20,4.61
139,Golaesti,RO,2021-12-21 20:40:41,47.2333,27.7,17.04,77,0,5.01
140,Honggang,CN,2021-12-21 20:40:41,46.4667,124.8667,-15.54,95,14,3.27
141,Awjilah,LY,2021-12-21 20:40:42,29.1081,21.2869,54.61,44,0,6.53
142,Husavik,IS,2021-12-21 20:40:42,66.0449,-17.3389,17.51,84,55,7.85
143,Yellowknife,CA,2021-12-21 20:37:52,62.456,-114.3525,-17.88,76,75,3.44
144,San Pedro De Macoris,DO,2021-12-21 20:40:42,18.4616,-69.2972,84.81,79,35,8.79
145,Kodinsk,RU,2021-12-21 20:40:43,58.6881,99.1844,-34.01,100,27,0.38
146,Mildura,AU,2021-12-21 20:40:43,-34.2,142.15,62.08,72,55,11.5
147,Henties Bay,NA,2021-12-21 20:38:23,-22.116,14.2845,64.85,86,0,2.53
148,Jamestown,US,2021-12-21 20:40:44,42.097,-79.2353,40.59,66,1,5.01
149,San Pedro,PH,2021-12-21 20:40:44,14.35,121.0167,79.11,85,100,1.77
150,Atchison,US,2021-12-21 20:40:44,39.563,-95.1216,48.65,55,24,13.13
151,Yamada,JP,2021-12-21 20:40:44,39.4667,141.95,33.91,57,1,13.71
152,Qaanaaq,GL,2021-12-21 20:40:45,77.484,-69.3632,28.24,69,21,8.08
153,Ostrovnoy,RU,2021-12-21 20:40:45,68.0531,39.5131,24.17,68,100,11.48
154,Mecca,SA,2021-12-21 20:39:55,21.4267,39.8261,68.47,52,0,7.14
155,Biloela,AU,2021-12-21 20:40:46,-24.4167,150.5,73.47,70,0,4.09
156,Severo-Kurilsk,RU,2021-12-21 20:40:46,50.6789,156.125,22.42,73,8,13.62
157,Alice Springs,AU,2021-12-21 20:40:46,-23.7,133.8833,72.95,28,53,8.05
158,Burla,IN,2021-12-21 20:40:47,21.5,83.8667,54.0,38,0,2.08
159,Kavaratti,IN,2021-12-21 20:40:47,10.5669,72.642,79.29,65,9,4.5
160,Novyy Svit,UA,2021-12-21 20:40:47,47.8059,38.0211,22.32,71,71,10.2
161,Mount Isa,AU,2021-12-21 20:40:48,-20.7333,139.5,74.97,73,47,1.14
162,Agirish,RU,2021-12-21 20:40:48,61.9247,63.0231,0.5,96,100,8.03
163,Ambilobe,MG,2021-12-21 20:40:49,-13.2,49.05,78.64,87,89,2.57
164,Hay River,CA,2021-12-21 20:40:49,60.8156,-115.7999,-13.02,77,75,8.05
165,Toora-Khem,RU,2021-12-21 20:40:49,52.4675,96.11,6.49,98,97,2.37
166,Bethel,US,2021-12-21 20:40:49,41.3712,-73.414,41.58,59,100,2.55
167,Marzuq,YE,2021-12-21 20:40:50,14.4,46.4667,64.24,61,10,1.54
168,Emerald,AU,2021-12-21 20:40:50,-23.5333,148.1667,80.98,64,0,5.75
169,Te Anau,NZ,2021-12-21 20:40:50,-45.4167,167.7167,60.49,58,23,10.92
170,Kolondieba,ML,2021-12-21 20:40:51,11.0882,-6.8926,76.01,19,20,5.88
171,Beringovskiy,RU,2021-12-21 20:40:51,63.05,179.3167,1.67,78,100,6.29
172,Ribeira Grande,PT,2021-12-21 20:40:51,38.5167,-28.7,63.0,72,75,24.16
173,Mtwara,TZ,2021-12-21 20:40:52,-10.2667,40.1833,78.13,83,20,9.22
174,Bredasdorp,ZA,2021-12-21 20:40:52,-34.5322,20.0403,67.32,83,100,8.05
175,Ciudad Bolivar,VE,2021-12-21 20:40:52,8.1222,-63.5497,88.65,50,89,9.73
176,Jardim,BR,2021-12-21 20:39:58,-21.4803,-56.1381,90.09,33,59,8.99
177,Naze,JP,2021-12-21 20:41:53,28.3667,129.4833,57.22,89,100,1.95
178,Ahipara,NZ,2021-12-21 20:41:53,-35.1667,173.1667,70.25,72,98,7.11
179,Sinnamary,GF,2021-12-21 20:41:53,5.3833,-52.95,78.91,90,100,11.25
180,Shorewood,US,2021-12-21 20:41:54,41.52,-88.2017,42.22,67,1,13.8
181,Poum,NC,2021-12-21 20:41:54,-20.2333,164.0167,79.88,77,8,6.04
182,Zhuhai,CN,2021-12-21 20:41:54,22.2769,113.5678,64.98,82,40,12.66
183,Faanui,PF,2021-12-21 20:41:55,-16.4833,-151.75,80.2,71,100,10.76
184,Karratha,AU,2021-12-21 20:41:55,-20.7377,116.8463,82.18,74,60,9.48
185,San Ignacio,BZ,2021-12-21 20:41:55,17.1561,-89.0714,78.94,83,75,4.61
186,Amqui,CA,2021-12-21 20:41:56,48.4638,-67.4313,14.49,75,99,13.42
187,Cidreira,BR,2021-12-21 20:41:56,-30.1811,-50.2056,75.92,80,100,7.92
188,Rio Claro,BR,2021-12-21 20:41:56,-22.4114,-47.5614,91.22,50,38,5.32
189,Butaritari,KI,2021-12-21 20:41:57,3.0707,172.7902,81.21,71,92,6.22
190,Castro,BR,2021-12-21 20:41:57,-24.7911,-50.0119,78.12,45,35,3.36
191,Itarema,BR,2021-12-21 20:41:57,-2.9248,-39.9167,81.37,73,100,13.56
192,Namibe,AO,2021-12-21 20:41:58,-15.1961,12.1522,70.48,71,80,9.53
193,Praya,CV,2021-12-21 20:41:58,14.9215,-23.5087,73.94,78,75,14.97
194,Almaznyy,RU,2021-12-21 20:41:58,48.0448,40.045,19.54,90,92,8.03
195,Beachwood,US,2021-12-21 20:41:58,41.4645,-81.5087,43.39,56,1,4.0
196,Bathsheba,BB,2021-12-21 20:41:59,13.2167,-59.5167,84.81,58,20,19.57
197,Paka,MY,2021-12-21 20:41:59,4.6374,103.4368,76.93,94,100,0.0
198,Mareeba,AU,2021-12-21 20:41:59,-17.0,145.4333,74.12,86,60,1.97
199,Andujar,ES,2021-12-21 20:42:00,38.0392,-4.0508,61.2,82,100,4.25
200,Arraial Do Cabo,BR,2021-12-21 20:40:58,-22.9661,-42.0278,80.56,69,0,21.85
201,Codrington,AU,2021-12-21 20:42:00,-38.2667,141.9667,58.06,73,100,8.79
202,Aguilas,ES,2021-12-21 20:42:01,37.4063,-1.5829,64.33,68,100,2.08
203,Komsomolskiy,UZ,2021-12-21 20:42:01,40.4272,71.7189,33.22,80,98,6.91
204,Campoverde,PE,2021-12-21 20:42:01,-8.4753,-74.8058,89.29,40,95,4.68
205,Sao Joao Da Barra,BR,2021-12-21 20:41:24,-21.6403,-41.0511,77.09,84,44,14.54
206,Micco,US,2021-12-21 20:42:02,27.8806,-80.5003,76.01,88,91,3.0
207,Itaqui,BR,2021-12-21 20:42:02,-29.1253,-56.5531,98.94,22,88,8.16
208,Tuktoyaktuk,CA,2021-12-21 20:42:02,69.4541,-133.0374,5.0,78,90,13.8
209,Aklavik,CA,2021-12-21 20:42:03,68.2191,-135.0107,8.6,85,90,12.66
210,Faya,SA,2021-12-21 20:42:03,18.3851,42.4509,57.31,84,100,1.66
211,Charters Towers,AU,2021-12-21 20:42:03,-20.1,146.2667,75.2,78,6,9.66
212,Mtimbira,TZ,2021-12-21 20:42:03,-8.7833,36.35,78.03,71,45,3.24
213,Saskylakh,RU,2021-12-21 20:42:04,71.9167,114.0833,-22.97,99,98,4.27
214,Boa Vista,BR,2021-12-21 20:42:04,2.8197,-60.6733,89.58,51,75,9.22
215,Clyde River,CA,2021-12-21 20:42:04,70.4692,-68.5914,7.03,78,90,20.71
216,Tortoli,IT,2021-12-21 20:42:05,39.9256,9.6572,53.42,76,0,4.61
217,Coahuayana,MX,2021-12-21 20:42:05,18.7333,-103.6833,89.08,47,5,6.69
218,Quatre Cocos,MU,2021-12-21 20:42:05,-20.2078,57.7625,78.91,79,99,14.88
219,San Quintin,MX,2021-12-21 20:42:06,30.4833,-115.95,63.75,50,100,8.99
220,Harper,LR,2021-12-21 20:42:06,4.375,-7.7169,80.76,81,35,8.95
221,Petropavlovsk-Kamchatskiy,RU,2021-12-21 20:43:02,53.0452,158.6483,-8.81,84,0,6.71
222,Katsuura,JP,2021-12-21 20:43:07,35.1333,140.3,48.31,64,0,9.91
223,Kodiak,US,2021-12-21 20:43:07,57.79,-152.4072,33.37,69,3,11.16
224,Auki,SB,2021-12-21 20:43:07,-8.7676,160.7034,78.76,89,95,3.33
225,Esperance,AU,2021-12-21 20:43:08,-33.8667,121.9,60.64,86,81,8.41
226,Geraldton,AU,2021-12-21 20:43:08,-28.7667,114.6,70.21,68,90,13.8
227,Gasa,PS,2021-12-21 20:40:40,31.5,34.4667,57.18,70,17,11.99
228,Nantucket,US,2021-12-21 20:42:18,41.2835,-70.0995,44.71,72,100,3.85
229,Cabedelo,BR,2021-12-21 20:39:40,-6.9811,-34.8339,83.07,73,86,8.63
230,Fairbanks,US,2021-12-21 20:43:09,64.8378,-147.7164,17.56,81,40,5.75
231,Minna,NG,2021-12-21 20:43:09,9.6139,6.5569,82.11,34,6,11.5
232,Perth,AU,2021-12-21 20:43:09,-31.9333,115.8333,67.08,83,0,0.0
233,Sao Filipe,CV,2021-12-21 20:43:10,14.8961,-24.4956,75.42,72,100,6.2
234,Westerland,DE,2021-12-21 20:42:05,54.9079,8.3033,39.22,87,90,14.97
235,Tshela,CD,2021-12-21 20:43:10,-4.9833,12.9333,74.64,96,100,0.98
236,Tarata,BO,2021-12-21 20:43:10,-17.6167,-66.0167,65.07,57,100,2.82
237,Taganak,PH,2021-12-21 20:43:11,6.0833,118.3,80.74,79,89,8.57
238,Asau,RO,2021-12-21 20:43:11,46.4333,26.4,18.75,94,79,3.2
239,Le Port,RE,2021-12-21 20:43:11,-20.9373,55.2919,78.8,95,100,5.32
240,Touros,BR,2021-12-21 20:39:31,-5.1989,-35.4608,85.1,75,31,10.51
241,Luganville,VU,2021-12-21 20:43:12,-15.5333,167.1667,82.22,76,20,1.61
242,Axim,GH,2021-12-21 20:43:12,4.8699,-2.2405,80.31,74,44,6.87
243,Edd,ER,2021-12-21 20:43:12,13.9297,41.6925,78.26,80,2,5.41
244,Labuhan,ID,2021-12-21 20:43:12,-6.8844,112.2051,77.31,87,100,2.53
245,Darnah,LY,2021-12-21 20:43:13,32.767,22.6367,57.6,73,82,10.98
246,Kavieng,PG,2021-12-21 20:43:13,-2.5744,150.7967,82.54,76,100,7.54
247,Bima,ID,2021-12-21 20:43:13,-8.4667,118.7167,77.25,94,100,3.47
248,Pecos,US,2021-12-21 20:43:14,31.4229,-103.4932,71.69,11,1,16.11
249,Torbay,CA,2021-12-21 20:43:14,47.6666,-52.7314,31.28,90,75,11.5
250,Isangel,VU,2021-12-21 20:43:14,-19.55,169.2667,84.31,89,20,2.3
251,Honiara,SB,2021-12-21 20:41:29,-9.4333,159.95,79.99,85,100,0.96
252,Guerrero Negro,MX,2021-12-21 20:41:18,27.9769,-114.0611,70.09,30,100,9.78
253,Yining,CN,2021-12-21 20:40:51,29.0361,114.5636,45.72,74,0,0.69
254,Artyom,AZ,2021-12-21 20:43:15,40.4723,50.333,48.34,76,49,16.08
255,Tarija,BO,2021-12-21 20:43:15,-21.5355,-64.7296,69.71,78,75,5.75
256,Miri,MY,2021-12-21 20:43:16,4.4148,114.0089,77.14,100,20,3.44
257,Zeya,RU,2021-12-21 20:43:16,53.75,127.2667,-21.03,80,14,3.76
258,Diffa,NE,2021-12-21 20:43:16,13.3154,12.6113,67.93,32,0,12.17
259,Vestmanna,FO,2021-12-21 20:43:17,62.1564,-7.1664,29.32,86,87,3.44
260,Calama,CL,2021-12-21 20:43:17,-22.4667,-68.9333,72.09,30,75,23.02
261,Avera,US,2021-12-21 20:43:17,33.194,-82.5271,45.28,92,100,10.54
262,Nanortalik,GL,2021-12-21 20:43:17,60.1432,-45.2371,39.88,80,100,19.17
263,Broome,US,2021-12-21 20:43:18,42.2506,-75.833,39.78,62,1,1.99
264,Camacupa,AO,2021-12-21 20:43:18,-12.0167,17.4833,64.78,93,100,1.97
265,Aksu,CN,2021-12-21 20:43:18,41.1231,80.2644,23.94,56,0,1.32
266,Krasnosilka,UA,2021-12-21 20:43:19,46.6226,30.7742,17.71,52,31,15.52
267,Warrnambool,AU,2021-12-21 20:38:19,-38.3833,142.4833,56.8,74,100,9.35
268,Camacha,PT,2021-12-21 20:44:19,33.0833,-16.3333,63.82,72,20,13.8
269,Monroe,US,2021-12-21 20:44:19,43.1501,-77.6831,40.44,64,20,5.75
270,Caldwell,US,2021-12-21 20:44:20,43.6629,-116.6874,45.59,86,20,0.0
271,Kaeo,NZ,2021-12-21 20:44:20,-35.1,173.7833,69.33,85,100,5.35
272,Los Llanos De Aridane,ES,2021-12-21 20:44:20,28.6585,-17.9182,62.35,97,75,1.99
273,Karakol,KG,2021-12-21 20:44:21,42.4907,78.3936,19.09,55,2,6.98
274,Thompson,CA,2021-12-21 20:42:14,55.7435,-97.8558,-11.04,70,20,2.3
275,Turochak,RU,2021-12-21 20:44:21,52.2576,87.1224,20.08,100,99,2.46
276,Mackenzie,CA,2021-12-21 20:44:21,55.2999,-123.1698,8.82,92,90,5.75
277,Hamilton,US,2021-12-21 20:41:51,39.1834,-84.5333,47.21,63,1,3.0
278,Fengrun,CN,2021-12-21 20:44:22,39.8333,118.1167,31.75,59,52,6.42
279,Tuatapere,NZ,2021-12-21 20:44:22,-46.1333,167.6833,62.82,51,48,10.31
280,Polewali,ID,2021-12-21 20:44:22,-3.4324,119.3435,76.53,87,100,3.4
281,Balabac,PH,2021-12-21 20:44:23,7.9868,117.0645,80.02,78,95,7.58
282,Enkoping,SE,2021-12-21 20:44:23,59.6361,17.0777,18.01,84,99,0.76
283,Venado Tuerto,AR,2021-12-21 20:44:23,-33.7456,-61.9688,98.74,21,0,12.84
284,Sidi Ali,DZ,2021-12-21 20:44:24,36.0998,0.4206,59.07,56,77,7.43
285,San Vicente,AR,2021-12-21 20:44:24,-26.6167,-54.1333,91.02,29,35,3.49
286,Acapulco,MX,2021-12-21 20:41:55,16.8634,-99.8901,87.62,66,40,8.05
287,Kalga,RU,2021-12-21 20:44:24,50.9251,118.898,-23.98,91,13,2.26
288,Minas De Barroteran,MX,2021-12-21 20:44:25,27.6333,-101.2833,74.32,21,48,3.85
289,Ekimchan,RU,2021-12-21 20:44:25,53.0667,132.9667,-25.74,98,100,2.55
290,Vardo,NO,2021-12-21 20:44:25,70.3705,31.1107,26.58,80,40,20.71
291,Pafos,CY,2021-12-21 20:44:26,34.7667,32.4167,60.58,63,75,17.27
292,Comodoro Rivadavia,AR,2021-12-21 20:44:26,-45.8667,-67.5,73.26,27,0,18.41
293,Maddela,PH,2021-12-21 20:44:26,16.3414,121.6849,71.82,98,47,0.43
294,Diego De Almagro,CL,2021-12-21 20:44:27,-26.3667,-70.05,77.45,25,70,10.94
295,Gotsu,JP,2021-12-21 20:44:27,35.0,132.2167,50.74,63,5,5.55
296,Ninotsminda,GE,2021-12-21 20:44:27,41.2646,43.5916,23.45,96,100,1.95
297,Amahai,ID,2021-12-21 20:44:27,-3.3333,128.9167,79.23,80,100,3.44
298,Moanda,GA,2021-12-21 20:44:28,-1.5575,13.2178,76.53,70,83,0.4
299,Muros,ES,2021-12-21 20:44:28,42.7762,-9.0603,62.85,79,98,12.86
300,Hit,IQ,2021-12-21 20:44:28,33.6416,42.8251,53.96,56,27,8.77
301,Stornoway,GB,2021-12-21 20:44:29,58.2093,-6.3865,40.96,94,90,5.75
302,Maniitsoq,GL,2021-12-21 20:44:29,65.4167,-52.9,37.74,63,80,12.91
303,Brazzaville,CG,2021-12-21 20:44:29,-4.2658,15.2832,82.76,65,100,4.61
304,Meadow Lake,US,2021-12-21 20:44:30,34.8014,-106.5436,61.57,15,73,4.88
305,Tazovskiy,RU,2021-12-21 20:44:30,67.4667,78.7,-7.37,96,100,14.81
306,Vanimo,PG,2021-12-21 20:44:30,-2.6741,141.3028,78.24,88,100,7.49
307,Luderitz,NA,2021-12-21 20:44:30,-26.6481,15.1594,60.31,87,0,2.35
308,Nicoya,CR,2021-12-21 20:44:31,10.1483,-85.452,85.55,62,62,2.84
309,Klaksvik,FO,2021-12-21 20:39:36,62.2266,-6.589,31.12,66,97,12.28
310,Ust-Kan,RU,2021-12-21 20:44:31,50.9276,84.761,9.79,96,74,3.22
311,Lavrentiya,RU,2021-12-21 20:44:31,65.5833,-171.0,-6.43,81,57,4.07
312,Sioux Lookout,CA,2021-12-21 20:44:32,50.1001,-91.917,1.78,71,40,3.44
313,Roald,NO,2021-12-21 20:44:32,62.5833,6.1333,42.33,65,40,9.22
314,Alta,NO,2021-12-21 20:44:32,69.9689,23.2717,7.86,72,0,6.91
315,Winnemucca,US,2021-12-21 20:45:33,40.973,-117.7357,24.85,74,1,16.11
316,Lorengau,PG,2021-12-21 20:45:33,-2.0226,147.2712,81.1,82,100,4.52
317,Muriwai Beach,NZ,2021-12-21 20:45:33,-36.8167,174.45,70.95,68,82,7.74
318,Deputatskiy,RU,2021-12-21 20:45:34,69.3,139.9,-26.52,87,99,5.5
319,Lagos,NG,2021-12-21 20:43:55,6.5833,3.75,80.92,62,15,2.1
320,Hofn,IS,2021-12-21 20:45:34,64.2539,-15.2082,31.77,67,40,8.59
321,Talara,PE,2021-12-21 20:45:34,-4.5772,-81.2719,81.36,54,0,10.36
322,Iskilip,TR,2021-12-21 20:45:35,40.7353,34.4739,24.76,75,18,4.07
323,Khartoum,SD,2021-12-21 20:43:22,15.5518,32.5324,70.02,23,5,3.0
324,Pokhara,NP,2021-12-21 20:45:35,28.2333,83.9833,50.16,31,5,6.15
325,Aswan,EG,2021-12-21 20:45:35,24.0934,32.907,54.7,40,0,8.05
326,Innisfail,AU,2021-12-21 20:45:36,-17.5333,146.0333,78.58,75,38,2.86
327,Lata,PT,2021-12-21 20:45:36,40.1629,-8.3327,59.92,89,98,10.69
328,Krutinka,RU,2021-12-21 20:45:36,56.0055,71.5113,23.25,89,100,17.43
329,Mahon,ES,2021-12-21 20:42:18,39.8885,4.2658,55.96,94,20,6.91
330,Tabou,CI,2021-12-21 20:45:37,4.423,-7.3528,80.89,81,64,8.39
331,Ullapool,GB,2021-12-21 20:45:37,57.8987,-5.1604,39.24,81,91,4.25
332,Alta Floresta,BR,2021-12-21 20:45:38,-9.8756,-56.0861,82.22,89,40,3.44
333,Kalabo,ZM,2021-12-21 20:45:38,-14.97,22.6814,67.91,93,100,2.44
334,Armacao De Pera,PT,2021-12-21 20:45:38,37.1026,-8.357,60.71,86,100,18.61
335,Talnakh,RU,2021-12-21 20:45:38,69.4865,88.3972,-22.36,87,66,9.42
336,Elbrus,RU,2021-12-21 20:45:39,43.2577,42.6443,15.73,96,99,7.56
337,Miram Shah,PK,2021-12-21 20:45:39,33.0086,70.0697,50.7,27,99,1.59
338,Polevskoy,RU,2021-12-21 20:45:39,56.4422,60.1878,17.8,99,100,2.26
339,Sabang,ID,2021-12-21 20:45:40,5.8933,95.3214,80.28,69,27,5.66
340,Bonavista,CA,2021-12-21 20:45:40,48.6499,-53.1147,31.12,83,100,14.79
341,Ambon,ID,2021-12-21 20:45:40,-3.6954,128.1814,80.83,80,100,10.58
342,Marawi,PH,2021-12-21 20:45:41,7.9986,124.2928,63.64,93,61,1.95
343,Puerto Rondon,CO,2021-12-21 20:45:41,6.2805,-71.1,88.88,48,100,8.14
344,Ixtapa,MX,2021-12-21 20:45:41,20.7,-105.2,87.91,32,2,7.87
345,Rio Grande,BR,2021-12-21 20:44:53,-32.035,-52.0986,80.71,73,31,12.26
346,Kilindoni,TZ,2021-12-21 20:45:42,-7.9139,39.6668,81.25,78,21,9.75
347,Sitka,US,2021-12-21 20:45:42,57.0531,-135.33,37.29,87,90,12.66
348,Constitucion,CL,2021-12-21 20:45:42,-35.3333,-72.4167,70.36,53,3,17.92
349,Nishihara,JP,2021-12-21 20:45:43,26.1842,127.7558,62.65,97,90,12.66
350,Bud,US,2021-12-21 20:45:43,39.447,-86.1758,47.7,61,0,10.33
351,Nemuro,JP,2021-12-21 20:45:43,43.3236,145.575,32.13,68,4,21.68
352,Eureka,US,2021-12-21 20:45:44,40.8021,-124.1637,52.41,91,100,8.99
353,Kang,BW,2021-12-21 20:45:44,-23.6752,22.7876,76.14,46,100,3.13
354,Antofagasta,CL,2021-12-21 20:45:44,-23.65,-70.4,69.08,72,100,6.42
355,Mehamn,NO,2021-12-21 20:45:45,71.0357,27.8492,28.35,80,0,21.85
356,Robertsport,LR,2021-12-21 20:45:45,6.7533,-11.3686,81.43,79,3,11.1
357,Vero Beach,US,2021-12-21 20:45:45,27.6386,-80.3973,77.05,81,90,11.01
358,Amapa,BR,2021-12-21 20:45:46,1.0,-52.0,76.75,95,36,3.4
359,Sault Sainte Marie,CA,2021-12-21 20:45:46,46.5168,-84.3333,25.36,86,90,5.75
360,Tigil,RU,2021-12-21 20:45:46,57.8,158.6667,-1.17,98,100,2.68
361,Davila,PH,2021-12-21 20:46:47,18.4726,120.5763,77.32,87,28,2.59
362,Tessalit,ML,2021-12-21 20:46:47,20.1986,1.0114,69.42,18,99,10.85
363,Christchurch,NZ,2021-12-21 20:45:52,-43.5333,172.6333,75.99,37,0,3.0
364,Melipilla,CL,2021-12-21 20:46:48,-33.7,-71.2167,95.72,29,7,11.03
365,Puerto Escondido,MX,2021-12-21 20:46:16,15.85,-97.0667,84.18,68,15,6.87
366,Adrar,MR,2021-12-21 20:46:48,20.5022,-10.0711,70.02,17,100,10.42
367,Arvika,SE,2021-12-21 20:46:48,59.6553,12.5852,23.7,95,100,4.09
368,Pevek,RU,2021-12-21 20:46:49,69.7008,170.3133,-11.81,83,100,6.8
369,Provideniya,RU,2021-12-21 20:46:49,64.3833,-173.3,14.11,67,0,8.95
370,Bassar,TG,2021-12-21 20:46:49,9.25,0.7833,77.7,26,28,3.58
371,Macara,EC,2021-12-21 20:46:50,-4.3833,-79.95,84.47,48,55,4.12
372,Srednekolymsk,RU,2021-12-21 20:46:50,67.45,153.6833,-32.39,98,54,6.71
373,Nelson Bay,AU,2021-12-21 20:46:50,-32.7167,152.15,76.1,89,100,1.99
374,Bage,BR,2021-12-21 20:46:42,-31.3314,-54.1069,83.98,58,0,10.36
375,Tezu,IN,2021-12-21 20:46:51,27.9167,96.1667,57.9,46,62,3.33
376,Mamontovo,RU,2021-12-21 20:46:51,52.7055,81.6244,22.03,99,100,6.11
377,Rio Hato,PA,2021-12-21 20:46:51,8.3833,-80.1667,83.75,70,40,10.36
378,Kiruna,SE,2021-12-21 20:46:51,67.8557,20.2251,-4.88,77,100,6.91
379,Burnie,AU,2021-12-21 20:46:52,-41.0667,145.9167,57.94,60,84,11.59
380,Dauphin,CA,2021-12-21 20:46:52,51.1494,-100.0502,10.54,79,40,18.41
381,Puerto Baquerizo Moreno,EC,2021-12-21 20:46:52,-0.9,-89.6,77.99,73,20,16.11
382,Emba,KZ,2021-12-21 20:46:53,48.8264,58.1442,33.8,99,100,7.85
383,Zakamensk,RU,2021-12-21 20:46:53,50.3741,103.2863,0.57,99,97,0.74
384,Moose Factory,CA,2021-12-21 20:46:53,51.2585,-80.6094,-0.4,78,1,9.22
385,Krasnoselkup,RU,2021-12-21 20:46:54,65.7,82.4667,-4.13,97,100,16.82
386,Zhigansk,RU,2021-12-21 20:46:54,66.7697,123.3711,-51.7,98,100,4.72
387,Nartan,RU,2021-12-21 20:46:54,43.5108,43.6994,30.74,93,75,0.0
388,Lazaro Cardenas,MX,2021-12-21 20:46:55,17.9583,-102.2,83.46,66,16,8.52
389,Basco,PH,2021-12-21 20:46:55,20.4487,121.9702,79.05,84,5,12.66
390,Puri,IN,2021-12-21 20:46:55,19.8,85.85,54.12,46,0,6.53
391,Batagay-Alyta,RU,2021-12-21 20:46:56,67.8006,130.4114,-21.86,93,100,1.5
392,Kofele,ET,2021-12-21 20:46:56,7.0667,38.7833,51.03,75,71,6.53
393,Saint-Pierre,RE,2021-12-21 20:46:56,-21.3393,55.4781,78.48,77,0,5.75
394,Xichang,CN,2021-12-21 20:46:57,27.8964,102.2634,41.18,85,0,1.12
395,Dhidhdhoo,MV,2021-12-21 20:46:57,6.8833,73.1,80.67,77,43,8.3
396,Ascension,US,2021-12-21 20:46:57,30.2169,-90.9001,53.11,72,90,9.22
397,Montorio Al Vomano,IT,2021-12-21 20:46:58,42.5831,13.6383,46.09,74,93,3.18
398,Feira De Santana,BR,2021-12-21 20:46:58,-12.2667,-38.9667,74.05,93,100,6.35
399,Son La,VN,2021-12-21 20:46:58,21.3167,103.9,50.65,96,1,1.72
400,Shagonar,RU,2021-12-21 20:46:59,51.5333,92.8,5.79,98,61,0.38
401,Sola,VU,2021-12-21 20:46:59,-13.8833,167.55,82.08,70,97,2.75
402,Margate,GB,2021-12-21 20:46:59,51.3813,1.3862,40.91,61,91,1.99
403,Oksfjord,NO,2021-12-21 20:47:00,70.2396,22.3479,24.98,76,99,8.63
404,Eldorado,BR,2021-12-21 20:47:00,-23.7869,-54.2836,95.18,29,44,8.61
405,Shache,CN,2021-12-21 20:47:00,38.4167,77.2406,27.39,50,14,6.24
406,Tingi,TZ,2021-12-21 20:47:00,-11.3,35.0333,65.23,89,68,3.36
407,Palauig,PH,2021-12-21 20:48:01,15.435,119.9045,78.48,83,96,6.67
408,Pisco,PE,2021-12-21 20:48:01,-13.7,-76.2167,75.25,69,0,19.57
409,Barcelona,ES,2021-12-21 20:45:58,41.3888,2.159,55.85,84,40,4.61
410,Koszalin,PL,2021-12-21 20:48:03,54.1944,16.1722,29.68,63,49,3.24
411,Nioro,GM,2021-12-21 20:48:03,13.35,-15.75,82.33,23,100,11.59
412,Kununurra,AU,2021-12-21 20:48:03,-15.7667,128.7333,80.58,89,82,3.44
413,Balakhninskiy,RU,2021-12-21 20:48:04,58.0106,114.2769,-22.95,99,100,1.77
414,Tagusao,PH,2021-12-21 20:48:04,9.1924,117.8141,77.23,83,76,2.24
415,Saint-Michel-Des-Saints,CA,2021-12-21 20:48:05,46.6834,-73.9159,12.94,85,76,1.3
416,Alappuzha,IN,2021-12-21 20:48:05,9.49,76.3264,77.41,74,37,2.08
417,Waraseoni,IN,2021-12-21 20:44:39,21.75,80.0333,52.75,29,2,5.61
418,Mlonggo,ID,2021-12-21 20:48:05,-6.5333,110.7,73.53,88,99,3.2
419,Gambela,ET,2021-12-21 20:48:06,8.25,34.5833,79.3,67,96,2.84
420,Marabba,SD,2021-12-21 20:48:06,12.35,32.1833,75.97,22,38,16.96
421,Port Blair,IN,2021-12-21 20:48:06,11.6667,92.75,76.23,80,12,5.12
422,Ous,RU,2021-12-21 20:48:06,60.9058,61.5186,-2.67,98,100,9.98
423,Nan,TH,2021-12-21 20:48:07,18.8333,100.6667,57.38,83,3,1.7
424,Namatanai,PG,2021-12-21 20:48:07,-3.6667,152.4333,80.53,81,99,2.75
425,Nigde,TR,2021-12-21 20:48:08,37.8333,34.75,21.74,91,79,3.94
426,Luanda,AO,2021-12-21 20:43:18,-8.8368,13.2343,77.0,83,40,11.5
427,Lat Yao,TH,2021-12-21 20:48:08,15.751,99.7893,67.86,72,40,1.45
428,Tingo Maria,PE,2021-12-21 20:48:08,-9.2895,-76.0088,80.47,89,82,2.59
429,Padang,ID,2021-12-21 20:45:00,-0.9492,100.3543,76.62,87,91,4.05
430,Mosquera,CO,2021-12-21 20:48:09,4.7059,-74.2302,68.09,60,40,13.8
431,Griffith,US,2021-12-21 20:48:09,41.5284,-87.4237,42.26,68,40,4.0
432,Carbonia,IT,2021-12-21 20:48:09,39.1672,8.5222,50.99,82,28,2.77
433,Souillac,MU,2021-12-21 20:48:10,-20.5167,57.5167,79.18,78,75,13.8
434,Mandera,KE,2021-12-21 20:48:10,3.9366,41.867,84.96,55,100,19.66
435,Sueyoshi,JP,2021-12-21 20:48:10,31.65,131.0167,44.47,91,31,3.09
436,San Policarpo,PH,2021-12-21 20:48:11,12.1791,125.5072,78.84,79,100,1.36
437,Cangzhou,CN,2021-12-21 20:48:11,38.3167,116.8667,34.29,90,0,7.34
438,Acucena,BR,2021-12-21 20:48:11,-19.0731,-42.5464,75.72,92,90,2.89
439,Viline,UA,2021-12-21 20:48:12,44.8456,33.6716,28.65,79,100,16.6
440,Road Town,VG,2021-12-21 20:43:50,18.4167,-64.6167,80.69,94,75,0.0
441,Leogane,HT,2021-12-21 20:48:12,18.5108,-72.6339,88.0,61,97,2.86
442,Miragoane,HT,2021-12-21 20:48:12,18.4423,-73.0876,81.27,63,100,1.81
443,San Jeronimo,PE,2021-12-21 20:48:13,-11.9472,-75.2829,64.76,48,100,3.22
444,Beira,MZ,2021-12-21 20:48:13,-19.8436,34.8389,78.89,78,40,11.99
445,Tortel,HU,2021-12-21 20:48:13,47.1221,19.9371,28.31,68,28,4.76
446,Shimoda,JP,2021-12-21 20:48:14,34.6667,138.95,46.11,68,0,7.99
447,Berdigestyakh,RU,2021-12-21 20:48:14,62.0989,126.6992,-50.46,100,76,0.92
448,Jamiltepec,MX,2021-12-21 20:48:14,16.2833,-97.8167,83.93,51,60,7.85
449,Navirai,BR,2021-12-21 20:48:15,-23.065,-54.1906,99.16,18,16,0.78
450,Anadyr,RU,2021-12-21 20:48:15,64.75,177.4833,-16.1,69,0,15.66
451,Ostersund,SE,2021-12-21 20:49:15,63.1792,14.6357,15.62,85,20,12.66
452,Ewa Beach,US,2021-12-21 20:49:15,21.3156,-158.0072,75.15,72,1,6.91
453,Maceio,BR,2021-12-21 20:44:37,-9.6658,-35.7353,85.44,70,40,16.11
454,Champerico,GT,2021-12-21 20:49:16,14.3,-91.9167,85.77,66,94,8.72
455,Dzaoudzi,YT,2021-12-21 20:49:16,-12.7887,45.2699,80.49,89,0,4.61
456,Quzhou,CN,2021-12-21 20:49:17,28.9594,118.8686,46.13,92,0,1.21
457,Shenjiamen,CN,2021-12-21 20:49:17,29.9576,122.298,53.37,65,3,9.53
458,Royan,FR,2021-12-21 20:49:17,45.6285,-1.0281,31.98,72,90,9.42
459,Siavonga,ZM,2021-12-21 20:49:17,-16.5382,28.7088,78.03,66,100,4.88
460,Cayenne,GF,2021-12-21 20:49:18,4.9333,-52.3333,82.44,88,40,8.01
461,Nanae,JP,2021-12-21 20:49:18,41.8833,140.6833,23.95,82,96,18.05
462,Castrillon,ES,2021-12-21 20:49:09,43.3979,-6.7922,59.54,85,71,5.53
463,Nyurba,RU,2021-12-21 20:49:18,63.2842,118.3319,-52.29,100,61,1.01
464,Novoleushkovskaya,RU,2021-12-21 20:49:19,45.9956,39.9921,29.79,77,36,5.95
465,Cardedeu,ES,2021-12-21 20:49:19,41.6398,2.3574,52.48,87,98,1.63
466,Callaguip,PH,2021-12-21 20:49:19,18.0714,120.4867,76.82,87,29,2.89
467,Twentynine Palms,US,2021-12-21 20:48:57,34.1356,-116.0542,66.34,30,100,1.99
468,Zemetchino,RU,2021-12-21 20:49:20,53.4973,42.6163,7.45,90,100,6.67
469,Hualmay,PE,2021-12-21 20:49:20,-11.0964,-77.6139,71.98,71,38,9.42
470,Qasigiannguit,GL,2021-12-21 20:49:20,68.8193,-51.1922,43.05,45,22,26.33
471,Kijang,KR,2021-12-21 20:49:21,35.2442,129.2139,35.33,39,0,5.21
472,Mount Gambier,AU,2021-12-21 20:49:21,-37.8333,140.7667,57.11,77,90,5.75
473,Thinadhoo,MV,2021-12-21 20:49:21,0.5333,72.9333,80.02,80,95,5.55
474,Onguday,RU,2021-12-21 20:49:22,50.75,86.15,9.03,98,85,2.66
475,Ketchikan,US,2021-12-21 20:47:31,55.3422,-131.6461,34.27,93,90,17.27
476,Pemangkat,ID,2021-12-21 20:49:22,1.1667,108.9667,78.78,87,100,4.94
477,Beihai,CN,2021-12-21 20:49:22,21.4833,109.1,62.46,65,98,10.78
478,Nortelandia,BR,2021-12-21 20:49:23,-14.4547,-56.8028,79.39,88,100,3.27
479,Sagana,KE,2021-12-21 20:49:23,-0.6667,37.2,62.89,97,100,2.39
480,Tual,ID,2021-12-21 20:49:23,-5.6667,132.75,83.3,77,100,16.2
481,Nabire,ID,2021-12-21 20:49:24,-3.3667,135.4833,76.1,89,98,3.74
482,Tommot,RU,2021-12-21 20:49:24,58.9564,126.2925,-32.82,99,100,1.28
483,Ishigaki,JP,2021-12-21 20:49:24,24.3448,124.1572,74.79,87,98,14.14
484,Cabinda,AO,2021-12-21 20:49:25,-5.55,12.2,78.37,91,100,9.89
485,Sembakung,ID,2021-12-21 20:49:25,3.8167,117.25,78.73,98,92,1.66
486,Caloundra,AU,2021-12-21 20:49:25,-26.8,153.1333,76.84,83,2,4.07
487,Dingle,PH,2021-12-21 20:49:26,10.9995,122.6711,74.21,93,100,5.99
488,Panaba,MX,2021-12-21 20:49:26,21.2833,-88.2667,76.68,59,68,12.73
489,Kondopoga,RU,2021-12-21 20:49:26,62.2057,34.2614,-6.12,95,98,5.03
490,Big Spring,US,2021-12-21 20:49:26,32.2504,-101.4787,73.27,10,1,5.99
491,Kahului,US,2021-12-21 20:49:27,20.8947,-156.47,73.42,82,75,18.41
492,Aripuana,BR,2021-12-21 20:49:27,-9.1667,-60.6333,78.98,87,91,2.37
493,Tura,IN,2021-12-21 20:49:27,25.5198,90.2201,57.81,62,91,2.86
494,Oistins,BB,2021-12-21 20:49:28,13.0667,-59.5333,84.29,58,20,19.57
495,Huaibei,CN,2021-12-21 20:49:28,33.9744,116.7917,41.63,60,0,2.08
496,Atar,MR,2021-12-21 20:49:29,20.5169,-13.0499,74.71,25,100,8.61
497,Pahrump,US,2021-12-21 20:50:29,36.2083,-115.9839,54.32,39,100,1.01
498,Torrington,US,2021-12-21 20:50:29,41.8007,-73.1212,41.07,67,100,1.57
499,Noumea,NC,2021-12-21 20:50:30,-22.2763,166.4572,81.0,99,21,7.96
500,Rawah,IQ,2021-12-21 20:50:30,34.4816,41.9093,50.74,67,3,8.86
501,Takoradi,GH,2021-12-21 20:50:30,4.8845,-1.7554,80.76,67,59,6.46
502,Ponta Delgada,PT,2021-12-21 20:50:31,37.7333,-25.6667,67.5,88,75,20.71
503,Berlevag,NO,2021-12-21 20:50:31,70.8578,29.0864,28.4,80,40,20.71
504,Bandarbeyla,SO,2021-12-21 20:50:31,9.4942,50.8122,77.68,68,92,14.85
505,Buala,SB,2021-12-21 20:50:31,-8.145,159.5921,82.35,80,97,2.8
506,San Patricio,US,2021-12-21 20:50:32,28.017,-97.5169,69.89,46,5,1.81
507,Bogovarovo,RU,2021-12-21 20:50:32,58.9785,47.0246,-7.85,99,91,4.56
508,Biak,ID,2021-12-21 20:50:32,-0.9131,122.8766,76.33,79,100,2.84
509,Aloleng,PH,2021-12-21 20:50:33,16.1307,119.7824,78.01,87,93,10.22
510,Otane,NZ,2021-12-21 20:50:07,-39.8833,176.6333,66.38,44,0,4.12
511,Inirida,CO,2021-12-21 20:50:33,3.8653,-67.9239,80.98,93,99,1.68
512,Vestmannaeyjar,IS,2021-12-21 20:50:34,63.4427,-20.2734,40.96,82,100,16.58
513,Recodo,PH,2021-12-21 20:50:34,6.9519,121.9636,76.66,81,100,1.92
514,Lavras Da Mangabeira,BR,2021-12-21 20:50:34,-6.7533,-38.9644,89.74,31,95,5.39
515,Monaragala,LK,2021-12-21 20:50:35,6.8714,81.3487,71.22,92,68,5.53
516,Dong Hoi,VN,2021-12-21 20:50:35,17.4833,106.6,64.26,88,64,4.81
517,Jibuti,DJ,2021-12-21 20:50:35,11.5,42.5,72.82,71,29,13.02
518,Havelock,US,2021-12-21 20:50:36,34.8791,-76.9013,57.15,92,90,1.01
519,Villa Carlos Paz,AR,2021-12-21 20:50:36,-31.4241,-64.4978,85.06,48,66,17.22
520,Astorga,BR,2021-12-21 20:50:36,-23.2325,-51.6656,93.43,27,58,5.03
521,Mansa,IN,2021-12-21 20:50:36,29.9833,75.3833,54.37,20,99,4.03
522,Gurlan,UZ,2021-12-21 20:50:37,41.8447,60.3919,48.27,70,5,20.18
523,Tiarei,PF,2021-12-21 20:50:37,-17.5333,-149.3333,84.22,79,96,14.16
524,Zuwarah,LY,2021-12-21 20:50:37,32.9312,12.082,56.37,54,1,4.65
525,Payson,US,2021-12-21 20:50:38,40.0444,-111.7321,44.4,58,1,4.61
526,Banjarmasin,ID,2021-12-21 20:50:38,-3.3244,114.591,77.14,94,100,0.45
527,Grand Gaube,MU,2021-12-21 20:50:38,-20.0064,57.6608,79.2,91,100,7.0
528,Ust-Kulom,RU,2021-12-21 20:50:39,61.6864,53.6902,15.55,96,100,5.75
529,Mitu,CO,2021-12-21 20:50:39,1.1983,-70.1733,80.71,92,75,0.85
530,Evensk,RU,2021-12-21 20:50:39,61.95,159.2333,2.5,62,74,13.62
531,Korla,CN,2021-12-21 20:50:40,41.7597,86.1469,24.33,60,0,2.28
532,Erzin,TR,2021-12-21 20:50:40,36.9559,36.2,47.12,64,2,1.97
533,Leirvik,NO,2021-12-21 20:50:40,59.7798,5.5005,36.63,89,100,7.54
534,Hof,DE,2021-12-21 20:50:41,50.3167,11.9167,27.1,88,8,4.61
535,Panguna,PG,2021-12-21 20:50:41,-6.3164,155.4848,73.96,86,95,1.05
536,Coruripe,BR,2021-12-21 20:50:41,-10.1256,-36.1756,80.22,78,79,15.9
537,Kruisfontein,ZA,2021-12-21 20:50:41,-34.0033,24.7314,64.89,91,85,0.69
538,Kisangani,CD,2021-12-21 20:50:42,0.5167,25.2,74.91,83,93,1.77
539,Vondrozo,MG,2021-12-21 20:50:42,-22.8167,47.2833,67.44,99,100,3.49
540,Veraval,IN,2021-12-21 20:46:20,20.9,70.3667,67.98,43,17,8.99
541,Praxedis Guerrero,MX,2021-12-21 20:50:43,31.3667,-106.0167,63.43,18,92,4.47
542,Astoria,US,2021-12-21 20:50:43,46.1879,-123.8313,50.86,94,90,6.91
543,Mayumba,GA,2021-12-21 20:50:43,-3.432,10.6554,78.22,93,96,6.49
544,Rosa,IT,2021-12-21 20:51:44,45.9306,12.8708,42.66,77,75,1.99
545,Siljan,NO,2021-12-21 20:51:44,59.2884,9.71,30.61,98,100,3.47
546,Denpasar,ID,2021-12-21 20:49:43,-8.65,115.2167,80.26,94,40,1.14
547,Albanel,CA,2021-12-21 20:51:44,48.8832,-72.4487,14.14,61,89,3.44
548,San Jose,US,2021-12-21 20:49:38,37.3394,-121.895,63.68,58,75,3.0
549,Ponta Do Sol,PT,2021-12-21 20:51:45,32.6667,-17.1,66.7,82,100,8.9
550,Khromtau,KZ,2021-12-21 20:51:45,50.2503,58.4347,32.31,99,100,8.37
551,Uray,RU,2021-12-21 20:51:45,60.1247,64.7758,25.38,96,100,9.82
552,Kismayo,SO,2021-12-21 20:51:46,-0.3582,42.5454,80.28,84,99,11.03
553,Oeiras Do Para,BR,2021-12-21 20:51:46,-2.0031,-49.8544,84.4,58,97,3.56
554,Allende,MX,2021-12-21 20:51:46,25.2833,-100.0167,80.76,31,22,4.59
555,Troitsko-Pechorsk,RU,2021-12-21 20:51:47,62.7084,56.1964,-2.7,95,100,6.8
556,Mtsamboro,YT,2021-12-21 20:51:47,-12.6998,45.0689,79.92,72,5,3.38
557,Galeana,MX,2021-12-21 20:51:47,24.8333,-100.0667,66.31,24,9,1.66
558,Port Macquarie,AU,2021-12-21 20:51:48,-31.4333,152.9167,77.9,81,95,5.79
559,Rocha,UY,2021-12-21 20:51:48,-34.4833,-54.3333,73.96,60,78,11.77
560,Santa Maria Do Suacui,BR,2021-12-21 20:51:48,-18.1903,-42.4142,71.11,94,100,3.04
561,Moerai,PF,2021-12-21 20:51:49,-22.4333,-151.3333,78.1,67,100,16.13
562,Bengkulu,ID,2021-12-21 20:51:49,-3.8004,102.2655,76.41,89,65,4.5
563,Arlit,NE,2021-12-21 20:51:49,18.7369,7.3853,63.7,19,12,6.71
564,Boende,CD,2021-12-21 20:51:50,-0.2167,20.8667,76.14,78,53,0.56
565,Mangrol,IN,2021-12-21 20:51:50,21.1167,70.1167,67.87,42,24,8.32
566,Chipinge,ZW,2021-12-21 20:51:50,-20.1883,32.6236,62.71,96,100,5.68
567,Lourdes,FR,2021-12-21 20:51:51,43.1,-0.05,45.93,87,59,5.75
568,Yar-Sale,RU,2021-12-21 20:51:51,66.8333,70.8333,-9.17,99,98,6.87
569,San Lorenzo,PY,2021-12-21 20:51:44,-25.3333,-57.5333,97.74,39,20,5.99
570,Guamuchil,MX,2021-12-21 20:51:51,25.4667,-108.1,80.67,13,3,6.06
